movieId,weight
318,4.337459602964814
858,4.162493622921899
2959,4.161575932326106
260,4.137000372014015
50,4.123749365454095
296,4.121515279700287
527,4.11978179522225
2571,4.110118371868512
1196,4.10750463621805
356,4.095747481516562
